고양이,급식 사료,급식 방법,먹은 시간,먹은 양,뺏어 먹은 유무,뺏어먹은 고양이
까비,뉴트로 울트라,자율배식,2025-06-09 07:52,14,X,-
까비,뉴트로 울트라,자율배식,2025-06-09 14:40,8,X,-
까비,뉴트로 울트라,자율배식,2025-06-09 18:40,14,X,-
까비,뉴트로 울트라,자율배식,2025-06-09 23:35,20,X,-
히로,뉴트로 울트라,자율배식,2025-06-09 08:51,20,X,-
히로,뉴트로 울트라,자율배식,2025-06-09 13:26,11,X,-
히로,뉴트로 울트라,자율배식,2025-06-09 19:42,20,X,-
히로,뉴트로 울트라,자율배식,2025-06-09 22:45,17,X,-
초코,뉴트로 울트라,자동 급식기,2025-06-09 02:00,31,X,-
초코,뉴트로 울트라,자동 급식기,2025-06-09 08:00,31,X,-
초코,뉴트로 울트라,자동 급식기,2025-06-09 14:00,32,X,-
초코,뉴트로 울트라,자동 급식기,2025-06-09 20:00,26,X,-
까비,뉴트로 울트라,자율배식,2025-06-10 07:41,15,O,초코
까비,뉴트로 울트라,자율배식,2025-06-10 12:52,16,X,-
까비,뉴트로 울트라,자율배식,2025-06-10 18:00,12,X,-
까비,뉴트로 울트라,자율배식,2025-06-10 22:11,8,X,-
히로,뉴트로 울트라,자율배식,2025-06-10 08:10,0,X,-
히로,뉴트로 울트라,자율배식,2025-06-10 08:25,7,O,초코
히로,뉴트로 울트라,자율배식,2025-06-10 12:32,8,O,초코
히로,뉴트로 울트라,자율배식,2025-06-10 17:20,9,O,초코
히로,뉴트로 울트라,자율배식,2025-06-10 23:41,15,X,-
초코,뉴트로 울트라,자동 급식기,2025-06-10 02:00,28,X,-
초코,뉴트로 울트라,자동 급식기,2025-06-10 08:00,29,X,-
초코,뉴트로 울트라,자동 급식기,2025-06-10 14:00,26,X,-
초코,뉴트로 울트라,자동 급식기,2025-06-10 20:00,27,X,-
까비,뉴트로 울트라,자율배식,2025-06-11 07:59,9,X,-
까비,뉴트로 울트라,자율배식,2025-06-11 14:56,7,O,초코
까비,뉴트로 울트라,자율배식,2025-06-11 18:12,14,O,초코
까비,뉴트로 울트라,자율배식,2025-06-11 22:47,18,X,-
히로,뉴트로 울트라,자율배식,2025-06-11 09:55,17,X,-
히로,뉴트로 울트라,자율배식,2025-06-11 12:31,10,X,-
히로,뉴트로 울트라,자율배식,2025-06-11 18:36,9,X,-
히로,뉴트로 울트라,자율배식,2025-06-11 23:58,19,X,-
초코,뉴트로 울트라,자동 급식기,2025-06-11 02:00,29,X,-
초코,뉴트로 울트라,자동 급식기,2025-06-11 08:00,31,X,-
초코,뉴트로 울트라,자동 급식기,2025-06-11 14:00,31,X,-
초코,뉴트로 울트라,자동 급식기,2025-06-11 20:00,31,X,-
까비,뉴트로 울트라,자율배식,2025-06-12 09:45,11,X,-
까비,뉴트로 울트라,자율배식,2025-06-12 14:38,17,X,-
까비,뉴트로 울트라,자율배식,2025-06-12 18:13,8,O,초코
까비,뉴트로 울트라,자율배식,2025-06-12 23:55,8,X,-
히로,뉴트로 울트라,자율배식,2025-06-12 07:15,14,X,-
히로,뉴트로 울트라,자율배식,2025-06-12 12:26,15,X,-
히로,뉴트로 울트라,자율배식,2025-06-12 19:40,15,X,-
히로,뉴트로 울트라,자율배식,2025-06-12 22:10,17,X,-
초코,뉴트로 울트라,자동 급식기,2025-06-12 02:00,27,X,-
초코,뉴트로 울트라,자동 급식기,2025-06-12 08:00,26,X,-
초코,뉴트로 울트라,자동 급식기,2025-06-12 14:00,28,X,-
초코,뉴트로 울트라,자동 급식기,2025-06-12 20:00,28,X,-
까비,뉴트로 울트라,자율배식,2025-06-13 09:47,16,O,초코
까비,뉴트로 울트라,자율배식,2025-06-13 14:37,15,X,-
까비,뉴트로 울트라,자율배식,2025-06-13 17:06,11,O,초코
까비,뉴트로 울트라,자율배식,2025-06-13 22:35,15,X,-
히로,뉴트로 울트라,자율배식,2025-06-13 07:38,17,X,-
히로,뉴트로 울트라,자율배식,2025-06-13 12:10,8,X,-
히로,뉴트로 울트라,자율배식,2025-06-13 17:34,19,X,-
히로,뉴트로 울트라,자율배식,2025-06-13 22:44,10,O,초코
초코,뉴트로 울트라,자동 급식기,2025-06-13 02:00,26,X,-
초코,뉴트로 울트라,자동 급식기,2025-06-13 08:00,26,X,-
초코,뉴트로 울트라,자동 급식기,2025-06-13 14:00,30,X,-
초코,뉴트로 울트라,자동 급식기,2025-06-13 20:00,28,X,-
까비,뉴트로 울트라,자율배식,2025-06-14 07:27,9,X,-
까비,뉴트로 울트라,자율배식,2025-06-14 14:24,19,X,-
까비,뉴트로 울트라,자율배식,2025-06-14 18:01,9,X,-
까비,뉴트로 울트라,자율배식,2025-06-14 22:01,9,X,-
히로,뉴트로 울트라,자율배식,2025-06-14 09:36,19,O,초코
히로,뉴트로 울트라,자율배식,2025-06-14 12:20,10,X,-
히로,뉴트로 울트라,자율배식,2025-06-14 18:54,9,O,초코
히로,뉴트로 울트라,자율배식,2025-06-14 23:13,20,X,-
초코,뉴트로 울트라,자동 급식기,2025-06-14 02:00,28,X,-
초코,뉴트로 울트라,자동 급식기,2025-06-14 08:00,29,X,-
초코,뉴트로 울트라,자동 급식기,2025-06-14 14:00,26,X,-
초코,뉴트로 울트라,자동 급식기,2025-06-14 20:00,30,X,-
까비,뉴트로 울트라,자율배식,2025-06-15 08:51,11,X,-
까비,뉴트로 울트라,자율배식,2025-06-15 14:28,15,X,-
까비,뉴트로 울트라,자율배식,2025-06-15 18:12,14,X,-
까비,뉴트로 울트라,자율배식,2025-06-15 23:30,14,X,-
히로,뉴트로 울트라,자율배식,2025-06-15 07:22,10,X,-
히로,뉴트로 울트라,자율배식,2025-06-15 13:22,0,X,-
히로,뉴트로 울트라,자율배식,2025-06-15 13:52,6,X,-
히로,뉴트로 울트라,자율배식,2025-06-15 17:09,12,X,-
히로,뉴트로 울트라,자율배식,2025-06-15 23:38,0,X,-
히로,뉴트로 울트라,자율배식,2025-06-15 23:59,7,O,초코
초코,뉴트로 울트라,자동 급식기,2025-06-15 02:00,32,X,-
초코,뉴트로 울트라,자동 급식기,2025-06-15 08:00,26,X,-
초코,뉴트로 울트라,자동 급식기,2025-06-15 14:00,30,X,-
초코,뉴트로 울트라,자동 급식기,2025-06-15 20:00,31,X,-
까비,뉴트로 울트라,자율배식,2025-06-16 08:25,9,X,-
까비,뉴트로 울트라,자율배식,2025-06-16 14:25,11,O,초코
까비,뉴트로 울트라,자율배식,2025-06-16 17:27,18,X,-
까비,뉴트로 울트라,자율배식,2025-06-16 22:59,8,X,-
히로,뉴트로 울트라,자율배식,2025-06-16 07:03,0,X,-
히로,뉴트로 울트라,자율배식,2025-06-16 07:16,6,O,초코
히로,뉴트로 울트라,자율배식,2025-06-16 12:37,7,O,초코
히로,뉴트로 울트라,자율배식,2025-06-16 18:09,15,O,초코
히로,뉴트로 울트라,자율배식,2025-06-16 22:27,13,X,-
초코,뉴트로 울트라,자동 급식기,2025-06-16 02:00,28,X,-
초코,뉴트로 울트라,자동 급식기,2025-06-16 08:00,29,X,-
초코,뉴트로 울트라,자동 급식기,2025-06-16 14:00,28,X,-
초코,뉴트로 울트라,자동 급식기,2025-06-16 20:00,26,X,-
까비,뉴트로 울트라,자율배식,2025-06-17 09:01,13,O,초코
까비,뉴트로 울트라,자율배식,2025-06-17 12:41,17,X,-
까비,뉴트로 울트라,자율배식,2025-06-17 17:26,20,X,-
까비,뉴트로 울트라,자율배식,2025-06-17 23:39,10,O,초코
히로,뉴트로 울트라,자율배식,2025-06-17 07:18,10,O,초코
히로,뉴트로 울트라,자율배식,2025-06-17 12:22,18,X,-
히로,뉴트로 울트라,자율배식,2025-06-17 17:45,13,X,-
히로,뉴트로 울트라,자율배식,2025-06-17 22:20,7,O,초코
초코,뉴트로 울트라,자동 급식기,2025-06-17 02:00,26,X,-
초코,뉴트로 울트라,자동 급식기,2025-06-17 08:00,26,X,-
초코,뉴트로 울트라,자동 급식기,2025-06-17 14:00,29,X,-
초코,뉴트로 울트라,자동 급식기,2025-06-17 20:00,31,X,-
까비,뉴트로 울트라,자율배식,2025-06-18 07:45,10,X,-
까비,뉴트로 울트라,자율배식,2025-06-18 12:38,20,X,-
까비,뉴트로 울트라,자율배식,2025-06-18 17:31,19,X,-
까비,뉴트로 울트라,자율배식,2025-06-18 23:03,12,X,-
히로,뉴트로 울트라,자율배식,2025-06-18 08:19,0,X,-
히로,뉴트로 울트라,자율배식,2025-06-18 08:35,5,X,-
히로,뉴트로 울트라,자율배식,2025-06-18 14:15,13,X,-
히로,뉴트로 울트라,자율배식,2025-06-18 18:23,12,X,-
히로,뉴트로 울트라,자율배식,2025-06-18 23:14,16,X,-
초코,뉴트로 울트라,자동 급식기,2025-06-18 02:00,32,X,-
초코,뉴트로 울트라,자동 급식기,2025-06-18 08:00,29,X,-
초코,뉴트로 울트라,자동 급식기,2025-06-18 14:00,28,X,-
초코,뉴트로 울트라,자동 급식기,2025-06-18 20:00,26,X,-
까비,뉴트로 울트라,자율배식,2025-06-19 07:06,10,O,초코
까비,뉴트로 울트라,자율배식,2025-06-19 14:15,16,O,초코
까비,뉴트로 울트라,자율배식,2025-06-19 18:58,16,X,-
까비,뉴트로 울트라,자율배식,2025-06-19 23:12,14,O,초코
히로,뉴트로 울트라,자율배식,2025-06-19 07:57,20,X,-
히로,뉴트로 울트라,자율배식,2025-06-19 14:55,0,X,-
히로,뉴트로 울트라,자율배식,2025-06-19 15:21,5,X,-
히로,뉴트로 울트라,자율배식,2025-06-19 19:17,11,X,-
히로,뉴트로 울트라,자율배식,2025-06-19 22:49,12,X,-
초코,뉴트로 울트라,자동 급식기,2025-06-19 02:00,27,X,-
초코,뉴트로 울트라,자동 급식기,2025-06-19 08:00,31,X,-
초코,뉴트로 울트라,자동 급식기,2025-06-19 14:00,29,X,-
초코,뉴트로 울트라,자동 급식기,2025-06-19 20:00,31,X,-
까비,뉴트로 울트라,자율배식,2025-06-20 09:02,18,O,초코
까비,뉴트로 울트라,자율배식,2025-06-20 13:05,14,O,초코
까비,뉴트로 울트라,자율배식,2025-06-20 17:38,10,X,-
까비,뉴트로 울트라,자율배식,2025-06-20 22:19,17,O,초코
히로,뉴트로 울트라,자율배식,2025-06-20 07:06,11,O,초코
히로,뉴트로 울트라,자율배식,2025-06-20 13:47,7,O,초코
히로,뉴트로 울트라,자율배식,2025-06-20 18:00,12,X,-
히로,뉴트로 울트라,자율배식,2025-06-20 23:13,11,O,초코
초코,뉴트로 울트라,자동 급식기,2025-06-20 02:00,26,X,-
초코,뉴트로 울트라,자동 급식기,2025-06-20 08:00,27,X,-
초코,뉴트로 울트라,자동 급식기,2025-06-20 14:00,31,X,-
초코,뉴트로 울트라,자동 급식기,2025-06-20 20:00,27,X,-
까비,뉴트로 울트라,자율배식,2025-06-21 07:00,11,O,초코
까비,뉴트로 울트라,자율배식,2025-06-21 12:27,13,O,초코
까비,뉴트로 울트라,자율배식,2025-06-21 18:10,15,O,초코
까비,뉴트로 울트라,자율배식,2025-06-21 22:26,13,X,-
히로,뉴트로 울트라,자율배식,2025-06-21 07:42,8,O,초코
히로,뉴트로 울트라,자율배식,2025-06-21 14:55,11,O,초코
히로,뉴트로 울트라,자율배식,2025-06-21 17:29,16,X,-
히로,뉴트로 울트라,자율배식,2025-06-21 23:01,14,X,-
초코,뉴트로 울트라,자동 급식기,2025-06-21 02:00,30,X,-
초코,뉴트로 울트라,자동 급식기,2025-06-21 08:00,31,X,-
초코,뉴트로 울트라,자동 급식기,2025-06-21 14:00,32,X,-
초코,뉴트로 울트라,자동 급식기,2025-06-21 20:00,31,X,-
까비,뉴트로 울트라,자율배식,2025-06-22 08:27,14,O,초코
까비,뉴트로 울트라,자율배식,2025-06-22 13:46,16,X,-
까비,뉴트로 울트라,자율배식,2025-06-22 17:13,10,O,초코
까비,뉴트로 울트라,자율배식,2025-06-22 23:28,20,X,-
히로,뉴트로 울트라,자율배식,2025-06-22 07:50,0,X,-
히로,뉴트로 울트라,자율배식,2025-06-22 08:13,8,X,-
히로,뉴트로 울트라,자율배식,2025-06-22 13:23,0,X,-
히로,뉴트로 울트라,자율배식,2025-06-22 13:36,5,X,-
히로,뉴트로 울트라,자율배식,2025-06-22 18:29,0,X,-
히로,뉴트로 울트라,자율배식,2025-06-22 18:58,8,O,초코
히로,뉴트로 울트라,자율배식,2025-06-22 22:14,11,X,-
초코,뉴트로 울트라,자동 급식기,2025-06-22 02:00,31,X,-
초코,뉴트로 울트라,자동 급식기,2025-06-22 08:00,32,X,-
초코,뉴트로 울트라,자동 급식기,2025-06-22 14:00,31,X,-
초코,뉴트로 울트라,자동 급식기,2025-06-22 20:00,29,X,-
까비,뉴트로 울트라,자율배식,2025-06-23 09:00,20,X,-
까비,뉴트로 울트라,자율배식,2025-06-23 13:59,10,X,-
까비,뉴트로 울트라,자율배식,2025-06-23 19:56,17,O,초코
까비,뉴트로 울트라,자율배식,2025-06-23 22:56,12,O,초코
히로,뉴트로 울트라,자율배식,2025-06-23 07:29,14,O,초코
히로,뉴트로 울트라,자율배식,2025-06-23 13:09,19,X,-
히로,뉴트로 울트라,자율배식,2025-06-23 18:38,20,X,-
히로,뉴트로 울트라,자율배식,2025-06-23 23:47,14,O,초코
초코,뉴트로 울트라,자동 급식기,2025-06-23 02:00,29,X,-
초코,뉴트로 울트라,자동 급식기,2025-06-23 08:00,29,X,-
초코,뉴트로 울트라,자동 급식기,2025-06-23 14:00,28,X,-
초코,뉴트로 울트라,자동 급식기,2025-06-23 20:00,32,X,-
까비,뉴트로 울트라,자율배식,2025-06-24 07:12,6,O,초코
까비,뉴트로 울트라,자율배식,2025-06-24 12:51,16,X,-
까비,뉴트로 울트라,자율배식,2025-06-24 19:01,15,X,-
까비,뉴트로 울트라,자율배식,2025-06-24 22:58,18,O,초코
히로,뉴트로 울트라,자율배식,2025-06-24 08:46,12,X,-
히로,뉴트로 울트라,자율배식,2025-06-24 13:12,10,X,-
히로,뉴트로 울트라,자율배식,2025-06-24 17:35,15,X,-
히로,뉴트로 울트라,자율배식,2025-06-24 23:14,19,X,-
초코,뉴트로 울트라,자동 급식기,2025-06-24 02:00,29,X,-
초코,뉴트로 울트라,자동 급식기,2025-06-24 08:00,32,X,-
초코,뉴트로 울트라,자동 급식기,2025-06-24 14:00,30,X,-
초코,뉴트로 울트라,자동 급식기,2025-06-24 20:00,30,X,-
까비,뉴트로 울트라,자율배식,2025-06-25 07:14,14,X,-
까비,뉴트로 울트라,자율배식,2025-06-25 13:11,17,X,-
까비,뉴트로 울트라,자율배식,2025-06-25 18:17,14,X,-
까비,뉴트로 울트라,자율배식,2025-06-25 23:44,6,O,초코
히로,뉴트로 울트라,자율배식,2025-06-25 09:33,18,X,-
히로,뉴트로 울트라,자율배식,2025-06-25 14:30,14,X,-
히로,뉴트로 울트라,자율배식,2025-06-25 19:34,9,O,초코
히로,뉴트로 울트라,자율배식,2025-06-25 22:05,11,O,초코
초코,뉴트로 울트라,자동 급식기,2025-06-25 02:00,31,X,-
초코,뉴트로 울트라,자동 급식기,2025-06-25 08:00,27,X,-
초코,뉴트로 울트라,자동 급식기,2025-06-25 14:00,26,X,-
초코,뉴트로 울트라,자동 급식기,2025-06-25 20:00,32,X,-
까비,뉴트로 울트라,자율배식,2025-06-26 09:56,18,X,-
까비,뉴트로 울트라,자율배식,2025-06-26 13:50,9,O,초코
까비,뉴트로 울트라,자율배식,2025-06-26 17:47,19,X,-
까비,뉴트로 울트라,자율배식,2025-06-26 22:37,14,X,-
히로,뉴트로 울트라,자율배식,2025-06-26 09:03,10,O,초코
히로,뉴트로 울트라,자율배식,2025-06-26 12:15,0,X,-
히로,뉴트로 울트라,자율배식,2025-06-26 12:31,3,O,초코
히로,뉴트로 울트라,자율배식,2025-06-26 19:10,16,X,-
히로,뉴트로 울트라,자율배식,2025-06-26 22:19,12,X,-
초코,뉴트로 울트라,자동 급식기,2025-06-26 02:00,27,X,-
초코,뉴트로 울트라,자동 급식기,2025-06-26 08:00,29,X,-
초코,뉴트로 울트라,자동 급식기,2025-06-26 14:00,29,X,-
초코,뉴트로 울트라,자동 급식기,2025-06-26 20:00,27,X,-
까비,뉴트로 울트라,자율배식,2025-06-27 09:46,16,X,-
까비,뉴트로 울트라,자율배식,2025-06-27 12:21,16,X,-
까비,뉴트로 울트라,자율배식,2025-06-27 17:16,14,O,초코
까비,뉴트로 울트라,자율배식,2025-06-27 22:02,8,O,초코
히로,뉴트로 울트라,자율배식,2025-06-27 08:03,16,O,초코
히로,뉴트로 울트라,자율배식,2025-06-27 13:42,18,O,초코
히로,뉴트로 울트라,자율배식,2025-06-27 17:42,18,O,초코
히로,뉴트로 울트라,자율배식,2025-06-27 23:06,12,X,-
초코,뉴트로 울트라,자동 급식기,2025-06-27 02:00,30,X,-
초코,뉴트로 울트라,자동 급식기,2025-06-27 08:00,32,X,-
초코,뉴트로 울트라,자동 급식기,2025-06-27 14:00,29,X,-
초코,뉴트로 울트라,자동 급식기,2025-06-27 20:00,31,X,-
까비,뉴트로 울트라,자율배식,2025-06-28 09:55,11,O,초코
까비,뉴트로 울트라,자율배식,2025-06-28 14:03,9,X,-
까비,뉴트로 울트라,자율배식,2025-06-28 18:01,18,X,-
까비,뉴트로 울트라,자율배식,2025-06-28 23:39,16,O,초코
히로,뉴트로 울트라,자율배식,2025-06-28 08:32,12,X,-
히로,뉴트로 울트라,자율배식,2025-06-28 13:46,16,O,초코
히로,뉴트로 울트라,자율배식,2025-06-28 19:41,0,X,-
히로,뉴트로 울트라,자율배식,2025-06-28 19:56,7,X,-
히로,뉴트로 울트라,자율배식,2025-06-28 22:32,20,X,-
초코,뉴트로 울트라,자동 급식기,2025-06-28 02:00,32,X,-
초코,뉴트로 울트라,자동 급식기,2025-06-28 08:00,32,X,-
초코,뉴트로 울트라,자동 급식기,2025-06-28 14:00,29,X,-
초코,뉴트로 울트라,자동 급식기,2025-06-28 20:00,31,X,-
까비,뉴트로 울트라,자율배식,2025-06-29 07:03,8,X,-
까비,뉴트로 울트라,자율배식,2025-06-29 13:55,16,O,초코
까비,뉴트로 울트라,자율배식,2025-06-29 18:55,6,O,초코
까비,뉴트로 울트라,자율배식,2025-06-29 22:43,18,O,초코
히로,뉴트로 울트라,자율배식,2025-06-29 08:02,15,X,-
히로,뉴트로 울트라,자율배식,2025-06-29 13:23,9,O,초코
히로,뉴트로 울트라,자율배식,2025-06-29 17:20,11,X,-
히로,뉴트로 울트라,자율배식,2025-06-29 23:47,13,O,초코
초코,뉴트로 울트라,자동 급식기,2025-06-29 02:00,31,X,-
초코,뉴트로 울트라,자동 급식기,2025-06-29 08:00,28,X,-
초코,뉴트로 울트라,자동 급식기,2025-06-29 14:00,30,X,-
초코,뉴트로 울트라,자동 급식기,2025-06-29 20:00,28,X,-
까비,뉴트로 울트라,자율배식,2025-06-30 08:26,17,X,-
까비,뉴트로 울트라,자율배식,2025-06-30 14:20,15,X,-
까비,뉴트로 울트라,자율배식,2025-06-30 17:20,13,X,-
까비,뉴트로 울트라,자율배식,2025-06-30 23:26,12,X,-
히로,뉴트로 울트라,자율배식,2025-06-30 07:08,14,O,초코
히로,뉴트로 울트라,자율배식,2025-06-30 12:56,16,O,초코
히로,뉴트로 울트라,자율배식,2025-06-30 19:27,14,O,초코
히로,뉴트로 울트라,자율배식,2025-06-30 23:10,0,X,-
히로,뉴트로 울트라,자율배식,2025-06-30 23:20,3,O,초코
초코,뉴트로 울트라,자동 급식기,2025-06-30 02:00,28,X,-
초코,뉴트로 울트라,자동 급식기,2025-06-30 08:00,30,X,-
초코,뉴트로 울트라,자동 급식기,2025-06-30 14:00,28,X,-
초코,뉴트로 울트라,자동 급식기,2025-06-30 20:00,29,X,-
까비,뉴트로 울트라,자율배식,2025-07-01 09:46,18,X,-
까비,뉴트로 울트라,자율배식,2025-07-01 14:39,20,X,-
까비,뉴트로 울트라,자율배식,2025-07-01 18:04,12,X,-
까비,뉴트로 울트라,자율배식,2025-07-01 23:58,20,X,-
히로,뉴트로 울트라,자율배식,2025-07-01 07:29,16,X,-
히로,뉴트로 울트라,자율배식,2025-07-01 13:15,9,O,초코
히로,뉴트로 울트라,자율배식,2025-07-01 17:35,0,X,-
히로,뉴트로 울트라,자율배식,2025-07-01 17:52,5,X,-
히로,뉴트로 울트라,자율배식,2025-07-01 23:07,12,O,초코
초코,뉴트로 울트라,자동 급식기,2025-07-01 02:00,26,X,-
초코,뉴트로 울트라,자동 급식기,2025-07-01 08:00,26,X,-
초코,뉴트로 울트라,자동 급식기,2025-07-01 14:00,31,X,-
초코,뉴트로 울트라,자동 급식기,2025-07-01 20:00,31,X,-
까비,뉴트로 울트라,자율배식,2025-07-02 08:07,10,X,-
까비,뉴트로 울트라,자율배식,2025-07-02 12:50,9,X,-
까비,뉴트로 울트라,자율배식,2025-07-02 17:52,13,X,-
까비,뉴트로 울트라,자율배식,2025-07-02 23:00,17,X,-
히로,뉴트로 울트라,자율배식,2025-07-02 09:37,8,O,초코
히로,뉴트로 울트라,자율배식,2025-07-02 14:35,17,O,초코
히로,뉴트로 울트라,자율배식,2025-07-02 19:09,0,X,-
히로,뉴트로 울트라,자율배식,2025-07-02 19:22,9,X,-
히로,뉴트로 울트라,자율배식,2025-07-02 22:46,0,X,-
히로,뉴트로 울트라,자율배식,2025-07-02 23:12,5,X,-
초코,뉴트로 울트라,자동 급식기,2025-07-02 02:00,26,X,-
초코,뉴트로 울트라,자동 급식기,2025-07-02 08:00,32,X,-
초코,뉴트로 울트라,자동 급식기,2025-07-02 14:00,30,X,-
초코,뉴트로 울트라,자동 급식기,2025-07-02 20:00,27,X,-
까비,뉴트로 울트라,자율배식,2025-07-03 08:20,13,X,-
까비,뉴트로 울트라,자율배식,2025-07-03 12:53,14,O,초코
까비,뉴트로 울트라,자율배식,2025-07-03 18:18,13,X,-
까비,뉴트로 울트라,자율배식,2025-07-03 22:32,15,X,-
히로,뉴트로 울트라,자율배식,2025-07-03 09:48,14,X,-
히로,뉴트로 울트라,자율배식,2025-07-03 12:04,14,X,-
히로,뉴트로 울트라,자율배식,2025-07-03 17:53,15,X,-
히로,뉴트로 울트라,자율배식,2025-07-03 23:22,17,O,초코
초코,뉴트로 울트라,자동 급식기,2025-07-03 02:00,28,X,-
초코,뉴트로 울트라,자동 급식기,2025-07-03 08:00,31,X,-
초코,뉴트로 울트라,자동 급식기,2025-07-03 14:00,30,X,-
초코,뉴트로 울트라,자동 급식기,2025-07-03 20:00,30,X,-
까비,뉴트로 울트라,자율배식,2025-07-04 09:32,9,X,-
까비,뉴트로 울트라,자율배식,2025-07-04 12:27,10,O,초코
까비,뉴트로 울트라,자율배식,2025-07-04 19:27,9,O,초코
까비,뉴트로 울트라,자율배식,2025-07-04 23:12,5,O,초코
히로,뉴트로 울트라,자율배식,2025-07-04 09:59,9,O,초코
히로,뉴트로 울트라,자율배식,2025-07-04 14:01,6,O,초코
히로,뉴트로 울트라,자율배식,2025-07-04 19:16,12,O,초코
히로,뉴트로 울트라,자율배식,2025-07-04 22:04,0,X,-
히로,뉴트로 울트라,자율배식,2025-07-04 22:28,5,X,-
초코,뉴트로 울트라,자동 급식기,2025-07-04 02:00,31,X,-
초코,뉴트로 울트라,자동 급식기,2025-07-04 08:00,30,X,-
초코,뉴트로 울트라,자동 급식기,2025-07-04 14:00,31,X,-
초코,뉴트로 울트라,자동 급식기,2025-07-04 20:00,29,X,-
까비,뉴트로 울트라,자율배식,2025-07-05 09:36,9,X,-
까비,뉴트로 울트라,자율배식,2025-07-05 13:30,8,X,-
까비,뉴트로 울트라,자율배식,2025-07-05 17:59,19,X,-
까비,뉴트로 울트라,자율배식,2025-07-05 22:30,12,X,-
히로,뉴트로 울트라,자율배식,2025-07-05 07:30,0,X,-
히로,뉴트로 울트라,자율배식,2025-07-05 07:43,5,X,-
히로,뉴트로 울트라,자율배식,2025-07-05 12:21,14,X,-
히로,뉴트로 울트라,자율배식,2025-07-05 17:43,20,X,-
히로,뉴트로 울트라,자율배식,2025-07-05 23:05,10,O,초코
초코,뉴트로 울트라,자동 급식기,2025-07-05 02:00,26,X,-
초코,뉴트로 울트라,자동 급식기,2025-07-05 08:00,28,X,-
초코,뉴트로 울트라,자동 급식기,2025-07-05 14:00,32,X,-
초코,뉴트로 울트라,자동 급식기,2025-07-05 20:00,28,X,-
까비,뉴트로 울트라,자율배식,2025-07-06 08:54,8,O,초코
까비,뉴트로 울트라,자율배식,2025-07-06 14:39,19,O,초코
까비,뉴트로 울트라,자율배식,2025-07-06 17:43,9,O,초코
까비,뉴트로 울트라,자율배식,2025-07-06 23:24,7,O,초코
히로,뉴트로 울트라,자율배식,2025-07-06 08:55,16,O,초코
히로,뉴트로 울트라,자율배식,2025-07-06 14:04,0,X,-
히로,뉴트로 울트라,자율배식,2025-07-06 14:16,5,X,-
히로,뉴트로 울트라,자율배식,2025-07-06 18:50,0,X,-
히로,뉴트로 울트라,자율배식,2025-07-06 19:03,4,O,초코
히로,뉴트로 울트라,자율배식,2025-07-06 22:20,10,O,초코
초코,뉴트로 울트라,자동 급식기,2025-07-06 02:00,28,X,-
초코,뉴트로 울트라,자동 급식기,2025-07-06 08:00,27,X,-
초코,뉴트로 울트라,자동 급식기,2025-07-06 14:00,29,X,-
초코,뉴트로 울트라,자동 급식기,2025-07-06 20:00,28,X,-
까비,뉴트로 울트라,자율배식,2025-07-07 07:31,16,X,-
까비,뉴트로 울트라,자율배식,2025-07-07 14:09,10,X,-
까비,뉴트로 울트라,자율배식,2025-07-07 17:16,8,X,-
까비,뉴트로 울트라,자율배식,2025-07-07 23:22,17,O,초코
히로,뉴트로 울트라,자율배식,2025-07-07 07:06,11,O,초코
히로,뉴트로 울트라,자율배식,2025-07-07 13:58,11,X,-
히로,뉴트로 울트라,자율배식,2025-07-07 19:36,9,X,-
히로,뉴트로 울트라,자율배식,2025-07-07 23:20,18,X,-
초코,뉴트로 울트라,자동 급식기,2025-07-07 02:00,26,X,-
초코,뉴트로 울트라,자동 급식기,2025-07-07 08:00,27,X,-
초코,뉴트로 울트라,자동 급식기,2025-07-07 14:00,31,X,-
초코,뉴트로 울트라,자동 급식기,2025-07-07 20:00,32,X,-
까비,뉴트로 울트라,자율배식,2025-07-08 08:12,9,X,-
까비,뉴트로 울트라,자율배식,2025-07-08 14:43,14,X,-
까비,뉴트로 울트라,자율배식,2025-07-08 19:39,18,X,-
까비,뉴트로 울트라,자율배식,2025-07-08 23:36,17,X,-
히로,뉴트로 울트라,자율배식,2025-07-08 09:04,10,X,-
히로,뉴트로 울트라,자율배식,2025-07-08 14:59,15,X,-
히로,뉴트로 울트라,자율배식,2025-07-08 18:32,14,X,-
히로,뉴트로 울트라,자율배식,2025-07-08 23:21,20,X,-
초코,뉴트로 울트라,자동 급식기,2025-07-08 02:00,29,X,-
초코,뉴트로 울트라,자동 급식기,2025-07-08 08:00,31,X,-
초코,뉴트로 울트라,자동 급식기,2025-07-08 14:00,30,X,-
초코,뉴트로 울트라,자동 급식기,2025-07-08 20:00,26,X,-
